[
  {
    "id": "19ca0c52-05f4-4f84-bd11-c16e9f4a864c",
    "data": [
      {
        "text": "halla",
        "userDefined": false
      }
    ],
    "isTemplate": false,
    "count": 0,
    "updated": 1525090068
  },
  {
    "id": "e12945bc-4e47-49da-be08-621a32099778",
    "data": [
      {
        "text": "whats up",
        "userDefined": false
      }
    ],
    "isTemplate": false,
    "count": 0,
    "updated": 1525090068
  },
  {
    "id": "5d65ffc4-2d45-4cbb-8020-538c3ed7b2ef",
    "data": [
      {
        "text": "hei",
        "userDefined": false
      }
    ],
    "isTemplate": false,
    "count": 0,
    "updated": 1525090068
  },
  {
    "id": "025db17f-6020-4d63-91aa-02e14402dbcb",
    "data": [
      {
        "text": "greetings",
        "userDefined": false
      }
    ],
    "isTemplate": false,
    "count": 0,
    "updated": 1525090068
  },
  {
    "id": "2ece484b-6165-4214-b294-2560ac329683",
    "data": [
      {
        "text": "hi",
        "userDefined": false
      }
    ],
    "isTemplate": false,
    "count": 0,
    "updated": 1525090068
  },
  {
    "id": "d0e2071c-2513-43ab-a1c4-e0d76e36fb71",
    "data": [
      {
        "text": "yo",
        "userDefined": false
      }
    ],
    "isTemplate": false,
    "count": 0,
    "updated": 1525090068
  },
  {
    "id": "b22a85af-e2b1-4d24-b605-e8bfdb1a9854",
    "data": [
      {
        "text": "hello",
        "userDefined": false
      }
    ],
    "isTemplate": false,
    "count": 0,
    "updated": 1525090068
  }
]