[
  {
    "id": "61d61650-fbac-4225-832b-f0303d73ed3a",
    "data": [
      {
        "text": "Later",
        "userDefined": false
      }
    ],
    "isTemplate": false,
    "count": 0,
    "updated": 1525601090
  },
  {
    "id": "293150af-3563-4801-9810-3fedb80cb75d",
    "data": [
      {
        "text": "bye bye",
        "userDefined": false
      }
    ],
    "isTemplate": false,
    "count": 0,
    "updated": 1525601090
  },
  {
    "id": "b54aac86-86a4-41a9-b3dd-1d126051180c",
    "data": [
      {
        "text": "next time",
        "userDefined": false
      }
    ],
    "isTemplate": false,
    "count": 0,
    "updated": 1525601090
  },
  {
    "id": "fd2d35b6-0030-4471-91fe-6daa51955909",
    "data": [
      {
        "text": "maybe later",
        "userDefined": false
      }
    ],
    "isTemplate": false,
    "count": 0,
    "updated": 1525601090
  },
  {
    "id": "93469854-d4b6-49f5-b95c-12dfb7b9422a",
    "data": [
      {
        "text": "Im done",
        "userDefined": false
      }
    ],
    "isTemplate": false,
    "count": 0,
    "updated": 1525601090
  },
  {
    "id": "db8fc3eb-02a5-492d-a3da-086cd3c02513",
    "data": [
      {
        "text": "cya",
        "userDefined": false
      }
    ],
    "isTemplate": false,
    "count": 0,
    "updated": 1525601090
  },
  {
    "id": "38026122-a66c-4c76-855a-6953611c762a",
    "data": [
      {
        "text": "bye",
        "userDefined": false
      }
    ],
    "isTemplate": false,
    "count": 0,
    "updated": 1525601090
  },
  {
    "id": "9a7bd5b8-eb03-43c9-90a8-abd8b3491e4f",
    "data": [
      {
        "text": "goodbye",
        "userDefined": false
      }
    ],
    "isTemplate": false,
    "count": 0,
    "updated": 1525601090
  },
  {
    "id": "efe9ac03-d425-4fa0-b3ed-7cbcf817d35e",
    "data": [
      {
        "text": "thats enough",
        "userDefined": false
      }
    ],
    "isTemplate": false,
    "count": 0,
    "updated": 1525601090
  },
  {
    "id": "1518875c-16d6-4856-8a95-89584292cde4",
    "data": [
      {
        "text": "okay",
        "userDefined": false
      }
    ],
    "isTemplate": false,
    "count": 0,
    "updated": 1525601090
  },
  {
    "id": "d05aef5d-c945-4109-bda7-cc53ae10e49e",
    "data": [
      {
        "text": "Thanks",
        "userDefined": false
      }
    ],
    "isTemplate": false,
    "count": 0,
    "updated": 1525601090
  },
  {
    "id": "30303c3f-7fb1-4b3d-b34a-2c78acd54931",
    "data": [
      {
        "text": "Thank you",
        "userDefined": false
      }
    ],
    "isTemplate": false,
    "count": 0,
    "updated": 1525601090
  }
]