[
  {
    "id": "270b931c-f6e8-44a7-a81f-5ee3ded270b2",
    "data": [
      {
        "text": "56",
        "alias": "number",
        "meta": "@sys.number",
        "userDefined": true
      }
    ],
    "isTemplate": false,
    "count": 0,
    "updated": 1525619436
  },
  {
    "id": "16896b82-d78c-459f-85c6-d5a999f7f9c4",
    "data": [
      {
        "text": "5",
        "alias": "number",
        "meta": "@sys.number",
        "userDefined": true
      }
    ],
    "isTemplate": false,
    "count": 0,
    "updated": 1525619436
  },
  {
    "id": "7f107311-1a99-48c2-9d04-a12932a1d051",
    "data": [
      {
        "text": "4",
        "alias": "number",
        "meta": "@sys.number",
        "userDefined": true
      }
    ],
    "isTemplate": false,
    "count": 0,
    "updated": 1525619436
  },
  {
    "id": "eacd5d61-315c-481d-9f4f-9150b2806e6d",
    "data": [
      {
        "text": "3",
        "alias": "number",
        "meta": "@sys.number",
        "userDefined": true
      }
    ],
    "isTemplate": false,
    "count": 0,
    "updated": 1525619436
  },
  {
    "id": "752b2ae5-6d0b-4e18-abf2-77352d25832a",
    "data": [
      {
        "text": "2",
        "alias": "number",
        "meta": "@sys.number",
        "userDefined": true
      }
    ],
    "isTemplate": false,
    "count": 0,
    "updated": 1525619436
  },
  {
    "id": "1f1f6b53-4826-4357-8527-58371b4e29b6",
    "data": [
      {
        "text": "1",
        "alias": "number",
        "meta": "@sys.number",
        "userDefined": true
      }
    ],
    "isTemplate": false,
    "count": 0,
    "updated": 1525619436
  }
]