[
  {
    "id": "9d44cc05-14f1-43bf-afae-28bc8dd09d14",
    "data": [
      {
        "text": "physical traits",
        "userDefined": false
      }
    ],
    "isTemplate": false,
    "count": 0,
    "updated": 1525619671
  },
  {
    "id": "1621e972-92d6-47a0-a08e-976d5fef0470",
    "data": [
      {
        "text": "phys",
        "userDefined": false
      }
    ],
    "isTemplate": false,
    "count": 0,
    "updated": 1525619671
  },
  {
    "id": "c4f951d4-ddd7-4e7b-8836-647e57a6e6ea",
    "data": [
      {
        "text": "traits",
        "userDefined": false
      }
    ],
    "isTemplate": false,
    "count": 0,
    "updated": 1525619671
  },
  {
    "id": "b56896c3-77d5-45a8-a8e1-7f216bc985e2",
    "data": [
      {
        "text": "Physical",
        "userDefined": false
      }
    ],
    "isTemplate": false,
    "count": 0,
    "updated": 1525619671
  }
]