[
  {
    "id": "d24f0c60-3a70-4bf3-8675-34ba197579d9",
    "data": [
      {
        "text": "powers, please",
        "userDefined": false
      }
    ],
    "isTemplate": false,
    "count": 0,
    "updated": 1525619499
  },
  {
    "id": "79c0eece-39b4-45da-b82e-a6ef3452419a",
    "data": [
      {
        "text": "superpower",
        "userDefined": false
      }
    ],
    "isTemplate": false,
    "count": 0,
    "updated": 1525619499
  },
  {
    "id": "4212778d-ca1a-4a96-846d-a29dc32b7be2",
    "data": [
      {
        "text": "power",
        "userDefined": false
      }
    ],
    "isTemplate": false,
    "count": 0,
    "updated": 1525619499
  },
  {
    "id": "eca7e16a-ecbe-4671-925c-30937f457866",
    "data": [
      {
        "text": "powers",
        "userDefined": false
      }
    ],
    "isTemplate": false,
    "count": 0,
    "updated": 1525619499
  }
]