[
  {
    "id": "c9dd8626-de8d-48bb-ab66-a0e51db9354b",
    "data": [
      {
        "text": "lets see a picture",
        "userDefined": false
      }
    ],
    "isTemplate": false,
    "count": 0,
    "updated": 1525619478
  },
  {
    "id": "c0b127a6-b6a2-4867-b75d-90525ded2883",
    "data": [
      {
        "text": "show me picture",
        "userDefined": false
      }
    ],
    "isTemplate": false,
    "count": 0,
    "updated": 1525619478
  },
  {
    "id": "ba1ef3c9-e13c-45a1-bc07-c446af682f2f",
    "data": [
      {
        "text": "show me image",
        "userDefined": false
      }
    ],
    "isTemplate": false,
    "count": 0,
    "updated": 1525619478
  },
  {
    "id": "6385a4c9-2c85-46bb-a83e-470a021a43e7",
    "data": [
      {
        "text": "im",
        "userDefined": false
      }
    ],
    "isTemplate": false,
    "count": 0,
    "updated": 1525619478
  },
  {
    "id": "939a038c-4b50-4c56-84ec-8fafb8521562",
    "data": [
      {
        "text": "pic",
        "userDefined": false
      }
    ],
    "isTemplate": false,
    "count": 0,
    "updated": 1525619478
  },
  {
    "id": "e889bae1-1e8b-4678-9ae3-113157c8c770",
    "data": [
      {
        "text": "picture",
        "userDefined": false
      }
    ],
    "isTemplate": false,
    "count": 0,
    "updated": 1525619478
  },
  {
    "id": "fc5f7063-6df8-41bf-ba45-396644e9093d",
    "data": [
      {
        "text": "image",
        "userDefined": false
      }
    ],
    "isTemplate": false,
    "count": 0,
    "updated": 1525619478
  }
]